DATE,HourlyDewPointTemperature_x,HourlyDryBulbTemperature_x,HourlyWindpeed_x,raidation,HourlyDryBulbTemperature_y,Total Population,Housing Units,HourlyRelativeHumidity,HourlySeaLevelPressure,LU
2019-03-12T03,17,36,13,3,32,8342925,3494228,46,3011,2247
2019-03-12T09,18,37,9,9,35,8342925,3494228,50,3021,2247
2019-03-12T15,17,43,10,15,39,8342925,3494228,40,3020,2247
2019-03-12T18,16,39,9,18,34,8342925,3494228,41,3027,2247
2019-03-13T03,17,34,3,3,22,8342925,3494228,52,3034,2247
2019-03-13T09,19,40,5,9,34,8342925,3494228,45,3039,2247
2019-03-14T03,29,43,0,3,37,8342925,3494228,65,3024,2247
2019-03-14T09,33,50,0,9,47,8342925,3494228,52,3023,2247
2019-03-14T15,35,53,8,15,56,8342925,3494228,53,3011,2247
2019-03-15T03,44,50,0,3,37,8342925,3494228,83,2986,2247
2019-03-15T09,53,65,0,9,54,8342925,3494228,67,2980,2247
2019-03-15T15,51,68,3,15,68,8342925,3494228,65,2967,2247
2019-03-15T18,53,64,0,18,53,8342925,3494228,72,2960,2247
2019-03-16T03,30,50,9,3,42,8342925,3494228,44,2983,2247
2019-03-16T09,26,46,11,9,43,8342925,3494228,49,2996,2247
2019-03-16T15,18,49,15,15,41,8342925,3494228,30,2997,2247
2019-03-16T18,19,43,6,18,35,8342925,3494228,38,3006,2247
2019-03-17T03,13,36,5,3,29,8342925,3494228,42,3015,2247
2019-03-17T09,15,37,8,9,34,8342925,3494228,40,3021,2247
2019-03-17T15,11,44,5,15,39,8342925,3494228,23,3011,2247
2019-03-17T18,10,41,7,18,33,8342925,3494228,29,3017,2247
2019-03-18T03,10,33,0,3,21,8342925,3494228,36,3024,2247
2019-03-19T15,13,47,8,15,44,8342925,3494228,25,3037,2247
2019-03-19T18,13,46,0,18,38,8342925,3494228,40,3038,2247
2019-03-20T03,28,38,3,3,24,8342925,3494228,68,3039,2247
2019-03-20T15,17,49,5,15,50,8342925,3494228,28,3029,2247
2019-03-21T03,35,44,6,3,36,8342925,3494228,79,3016,2247
2019-03-21T09,42,44,3,9,39,8342925,3494228,89,3010,2247
2019-03-21T15,42,45,9,15,43,8342925,3494228,89,2990,2247
2019-03-21T18,38,41,11,18,40,8342925,3494228,86,2978,2247
2019-03-22T03,41,43,13,3,39,8342925,3494228,96,2931,2088
2019-03-22T09,37,43,10,9,39,8342925,3494228,76,2934,2088
2019-03-22T15,27,49,13,15,45,8342925,3494228,42,2937,2088
2019-03-22T18,29,44,9,18,40,8342925,3494228,52,2945,2088
2019-03-23T03,20,35,9,3,31,8342925,3494228,57,2963,2088
2019-03-23T09,20,38,8,9,33,8342925,3494228,52,2983,2088
2019-03-23T15,11,48,13,15,42,8342925,3494228,26,2993,2088
2019-03-23T18,8,45,10,18,37,8342925,3494228,26,3004,2088
2019-03-24T03,11,39,7,3,29,8342925,3494228,32,3017,2088
2019-03-24T09,12,47,7,9,46,8342925,3494228,25,3019,2088
2019-03-24T15,16,60,7,15,57,8342925,3494228,17,3000,2088
2019-03-24T18,18,58,7,18,53,8342925,3494228,18,3002,2088
2019-03-25T03,32,54,6,3,47,8342925,3494228,50,2999,2088
2019-03-25T09,27,49,9,9,43,8342925,3494228,46,3008,2088
2019-03-25T15,28,50,5,15,49,8342925,3494228,44,3005,2088
2019-03-26T03,3,34,7,3,25,8342925,3494228,28,3015,2088
2019-03-26T09,4,42,8,9,37,8342925,3494228,19,3028,2088
2019-03-26T15,2,48,7,15,46,8342925,3494228,14,3024,2088
2019-03-26T18,1,45,3,18,37,8342925,3494228,16,3029,2088
2019-03-27T03,7,35,8,3,20,8342925,3494228,32,3044,2088
2019-03-27T15,18,44,3,15,47,8342925,3494228,35,3050,2088
2019-03-27T18,21,39,3,18,39,8342925,3494228,46,3050,2088
2019-03-28T03,25,37,0,3,25,8342925,3494228,65,3045,2088
2019-03-28T09,27,45,0,9,43,8342925,3494228,44,3044,2088
2019-03-28T18,35,46,3,18,47,8342925,3494228,66,3024,2088
2019-03-29T03,35,50,0,3,44,8342925,3494228,71,3012,2088
2019-03-29T09,38,54,0,9,48,8342925,3494228,55,3010,2088
2019-03-29T15,43,57,0,15,54,8342925,3494228,58,3006,2088
2019-03-29T18,45,58,0,18,50,8342925,3494228,60,3009,2088
2019-03-30T03,44,53,0,3,45,8342925,3494228,80,3008,2088
2019-03-30T15,40,65,7,15,71,8342925,3494228,50,2990,2088
2019-03-30T18,42,59,3,18,63,8342925,3494228,62,2989,2088
2019-03-31T03,46,54,5,3,53,8342925,3494228,83,2972,2088
2019-03-31T09,49,64,3,9,54,8342925,3494228,67,2966,2088
2019-03-31T15,35,50,7,15,44,8342925,3494228,63,2975,2088
2019-03-31T18,25,46,7,18,39,8342925,3494228,49,2983,2088
2019-04-01T03,16,35,9,3,29,8342925,3494228,50,3004,2088
2019-04-01T09,16,39,7,9,37,8342925,3494228,44,3020,2088
2019-04-01T15,9,45,10,15,42,8342925,3494228,25,3023,2088
2019-04-01T18,8,43,6,18,37,8342925,3494228,26,3031,2088
2019-04-02T03,12,40,3,3,21,8342925,3494228,39,3040,2088
2019-04-02T09,23,46,5,9,45,8342925,3494228,39,3040,2088
2019-04-02T15,26,47,5,15,48,8342925,3494228,44,3026,2088
2019-04-02T18,31,45,5,18,42,8342925,3494228,58,3020,2088
2019-04-03T03,34,42,5,3,35,8342925,3494228,73,2996,2088
2019-04-03T09,27,55,6,9,54,8342925,3494228,33,2999,2088
2019-04-03T15,19,67,6,15,62,8342925,3494228,16,2992,2088
2019-04-03T18,13,63,6,18,54,8342925,3494228,12,3002,2088
2019-04-04T09,16,49,8,9,46,8342925,3494228,32,3042,2088
2019-04-04T15,15,59,13,15,51,8342925,3494228,22,3032,2088
2019-04-04T18,13,55,6,18,44,8342925,3494228,21,3037,2088
2019-04-05T03,7,40,6,3,28,8342925,3494228,30,3047,2088
2019-04-05T09,17,42,5,9,37,8342925,3494228,43,3049,2088
2019-04-05T15,33,39,5,15,33,8342925,3494228,76,3039,2088
2019-04-05T18,36,39,8,18,32,8342925,3494228,82,3032,2088
2019-04-06T03,38,40,0,3,33,8342925,3494228,93,3017,2088
2019-04-06T09,41,49,3,9,52,8342925,3494228,77,3019,2088
2019-04-06T15,39,67,5,15,61,8342925,3494228,39,3013,2088
2019-04-07T03,40,54,3,3,33,8342925,3494228,74,3025,2088
2019-04-07T15,44,61,0,15,66,8342925,3494228,58,3015,2088
2019-04-07T18,42,59,3,18,58,8342925,3494228,62,3012,2088
2019-04-08T03,50,53,0,3,50,8342925,3494228,89,2993,3595
2019-04-08T09,54,62,5,9,55,8342925,3494228,75,2983,3595
2019-04-08T15,52,78,0,15,75,8342925,3494228,39,2969,3595
2019-04-08T18,49,76,3,18,68,8342925,3494228,65,2969,3595
2019-04-09T03,43,46,5,3,44,8342925,3494228,93,2973,3595
2019-04-09T09,43,49,3,9,59,8342925,3494228,83,2972,3595
2019-04-09T15,43,47,6,15,51,8342925,3494228,83,2956,3595
2019-04-09T18,45,47,7,18,49,8342925,3494228,86,2960,3595
2019-04-10T03,32,49,7,3,44,8342925,3494228,50,2973,3595
2019-04-10T09,30,54,8,9,50,8342925,3494228,43,2980,3595
2019-04-10T15,26,59,9,15,50,8342925,3494228,29,2985,3595
2019-04-10T18,25,52,5,18,43,8342925,3494228,37,2996,3595
2019-04-11T03,19,41,8,3,32,8342925,3494228,47,3016,3595
2019-04-11T09,21,45,0,9,42,8342925,3494228,41,3028,3595
2019-04-11T15,18,53,0,15,48,8342925,3494228,28,3023,3595
2019-04-11T18,26,48,3,18,44,8342925,3494228,48,3027,3595
2019-04-12T03,19,48,5,3,42,8342925,3494228,33,3025,3595
2019-04-12T09,40,50,5,9,44,8342925,3494228,74,3028,3595
2019-04-12T15,52,65,6,15,60,8342925,3494228,61,3011,3595
2019-04-13T03,57,63,3,3,58,8342925,3494228,86,3003,3595
2019-04-13T09,60,64,0,9,62,8342925,3494228,84,3008,3595
2019-04-13T15,57,76,3,15,74,8342925,3494228,61,2999,3595
2019-04-14T03,56,66,3,3,53,8342925,3494228,73,2995,3595
2019-04-14T09,59,71,5,9,61,8342925,3494228,90,2992,3595
2019-04-14T15,58,65,3,15,66,8342925,3494228,84,2973,3595
2019-04-14T18,59,62,0,18,64,8342925,3494228,93,2966,3595
2019-04-15T09,56,62,0,9,58,8342925,3494228,78,2933,3595
2019-04-15T15,31,53,11,15,48,8342925,3494228,43,2951,3595
2019-04-15T18,30,49,13,18,42,8342925,3494228,56,2967,3595
2019-04-16T03,20,45,11,3,39,8342925,3494228,38,2993,3595
2019-04-16T09,18,55,13,9,52,8342925,3494228,26,3002,3595
2019-04-16T18,26,60,6,18,54,8342925,3494228,26,2997,3595
2019-04-17T03,37,49,5,3,43,8342925,3494228,71,3007,3595
2019-04-17T09,25,57,7,9,54,8342925,3494228,35,3017,3595
2019-04-17T15,26,60,0,15,61,8342925,3494228,31,3014,3595
2019-04-17T18,28,52,0,18,56,8342925,3494228,41,3017,3595
2019-04-18T03,37,52,6,3,48,8342925,3494228,55,3016,3595
2019-04-18T15,52,61,3,15,53,8342925,3494228,70,2992,3595
2019-04-18T18,50,59,3,18,51,8342925,3494228,74,2987,3595
2019-04-19T03,56,63,0,3,43,8342925,3494228,83,2982,3595
2019-04-19T15,60,74,6,15,73,8342925,3494228,68,2974,3595
2019-04-20T03,61,61,5,3,66,8342925,3494228,96,2972,3595
2019-04-20T09,60,60,5,9,67,8342925,3494228,93,2976,3595
2019-04-20T15,54,60,7,15,65,8342925,3494228,83,2977,3595
2019-04-21T03,50,54,5,3,48,8342925,3494228,86,2989,3595
2019-04-21T15,42,61,6,15,63,8342925,3494228,48,3001,3595
2019-04-21T18,47,57,0,18,59,8342925,3494228,62,3006,3595
2019-04-22T03,45,53,5,3,50,8342925,3494228,83,3005,3595
2019-04-22T09,50,61,8,9,59,8342925,3494228,72,3002,3595
2019-04-22T15,56,59,5,15,65,8342925,3494228,90,2997,3595
2019-04-23T03,53,58,5,3,45,8342925,3494228,84,2996,3595
2019-04-23T09,49,67,3,9,66,8342925,3494228,54,2997,3595
2019-04-23T18,49,66,3,18,60,8342925,3494228,60,2982,3595
2019-04-24T03,51,66,3,3,60,8342925,3494228,61,2966,5078
2019-04-24T09,36,62,10,9,54,8342925,3494228,41,2977,5078
2019-04-24T15,35,68,8,15,62,8342925,3494228,32,2976,5078
2019-04-24T18,36,65,0,18,59,8342925,3494228,36,2981,5078
2019-04-25T03,36,50,5,3,39,8342925,3494228,61,2992,5078
2019-04-25T09,38,59,3,9,54,8342925,3494228,51,2998,5078
2019-04-25T15,46,55,5,15,65,8342925,3494228,58,2993,5078
2019-04-25T18,47,54,0,18,60,8342925,3494228,72,2992,5078
2019-04-26T03,50,52,3,3,52,8342925,3494228,92,2984,5078
2019-04-26T09,51,53,7,9,53,8342925,3494228,83,2967,5078
2019-04-26T15,51,52,9,15,56,8342925,3494228,92,2946,5078
2019-04-27T09,24,55,8,9,48,8342925,3494228,25,2956,5078
2019-04-27T15,31,57,3,15,45,8342925,3494228,39,2963,5078
2019-04-27T18,31,53,5,18,45,8342925,3494228,45,2977,5078
2019-04-28T03,33,48,0,3,41,8342925,3494228,52,2994,5078
2019-04-28T09,39,51,3,9,43,8342925,3494228,61,2999,5078
2019-04-28T15,39,51,7,15,44,8342925,3494228,68,3001,5078
2019-04-28T18,40,50,6,18,45,8342925,3494228,66,3013,5078
2019-04-29T03,29,42,0,3,32,8342925,3494228,58,3034,5078
2019-04-29T09,26,54,3,9,49,8342925,3494228,37,3041,5078
2019-04-30T03,48,49,0,3,43,8342925,3494228,93,3015,5078
2019-04-30T09,50,54,0,9,47,8342925,3494228,93,3019,5078
2019-04-30T15,50,59,0,15,58,8342925,3494228,80,3024,5078
2019-04-30T18,47,55,3,18,55,8342925,3494228,77,3034,5078
2019-05-01T03,44,53,0,3,47,8342925,3494228,77,3040,5078
2019-05-01T15,44,53,3,15,54,8342925,3494228,72,3031,5078
2019-05-02T03,49,50,0,3,48,8342925,3494228,100,3011,5078
2019-05-02T09,54,64,0,9,63,8342925,3494228,78,3012,5078
2019-05-02T15,54,68,10,15,67,8342925,3494228,68,3009,5078
2019-05-02T18,49,57,7,18,63,8342925,3494228,75,3016,5078
2019-05-03T03,47,52,3,3,50,8342925,3494228,86,3014,5078
2019-05-03T09,49,53,5,9,51,8342925,3494228,93,3012,5078
2019-05-03T15,50,56,3,15,54,8342925,3494228,89,3002,5078
2019-05-03T18,51,53,3,18,53,8342925,3494228,96,2999,5078
2019-05-04T03,52,53,0,3,53,8342925,3494228,96,2988,5078
2019-05-04T09,55,59,5,9,59,8342925,3494228,93,2990,5078
2019-05-04T15,60,69,0,15,68,8342925,3494228,75,2981,5078
2019-05-04T18,56,62,0,18,62,8342925,3494228,90,2983,5078
2019-05-05T03,56,57,6,3,56,8342925,3494228,100,2979,5078
2019-05-05T09,53,54,7,9,55,8342925,3494228,96,2983,5078
2019-05-05T15,50,51,6,15,56,8342925,3494228,93,2980,5078
2019-05-05T18,50,51,8,18,54,8342925,3494228,96,2982,5078
2019-05-06T03,47,52,6,3,46,8342925,3494228,89,2985,5078
2019-05-06T09,46,63,3,9,62,8342925,3494228,60,2998,5078
2019-05-06T15,48,63,0,15,67,8342925,3494228,56,3001,5078
2019-05-06T18,46,59,3,18,64,8342925,3494228,70,3006,5078
2019-05-07T03,46,54,0,3,45,8342925,3494228,77,3016,5078
2019-05-07T09,50,64,0,9,58,8342925,3494228,65,3017,5078
2019-05-07T15,54,68,6,15,72,8342925,3494228,70,3009,5078
2019-05-07T18,54,64,5,18,60,8342925,3494228,81,3009,5078
2019-05-08T03,51,56,7,3,50,8342925,3494228,72,3016,5078
2019-05-08T15,47,65,7,15,69,8342925,3494228,52,3018,5078
2019-05-08T18,46,60,0,18,60,8342925,3494228,62,3020,5078
2019-05-09T03,47,53,6,3,48,8342925,3494228,83,3029,5078
2019-05-09T09,41,56,5,9,56,8342925,3494228,57,3032,5078
2019-05-09T18,44,55,0,18,54,8342925,3494228,62,3025,5078
2019-05-10T03,50,56,0,3,53,8342925,3494228,77,3014,6662
2019-05-10T09,58,64,5,9,55,8342925,3494228,76,3003,6662
2019-05-10T15,62,73,0,15,73,8342925,3494228,64,2992,6662
2019-05-10T18,60,71,0,18,70,8342925,3494228,64,2991,6662
2019-05-11T03,52,58,3,3,53,8342925,3494228,80,2994,6662
2019-05-11T09,42,59,6,9,56,8342925,3494228,50,3003,6662
2019-05-11T15,37,69,0,15,67,8342925,3494228,33,2997,6662
2019-05-11T18,42,66,3,18,57,8342925,3494228,33,2997,6662
2019-05-12T03,49,51,11,3,46,8342925,3494228,86,2997,6662
2019-05-12T09,45,47,3,9,44,8342925,3494228,83,2997,6662
2019-05-12T15,43,45,7,15,41,8342925,3494228,86,2990,6662
2019-05-12T18,43,45,7,18,40,8342925,3494228,80,2988,6662
2019-05-13T03,41,43,5,3,41,8342925,3494228,86,2986,6662
2019-05-13T09,45,46,8,9,43,8342925,3494228,83,2988,6662
2019-05-13T15,46,47,0,15,44,8342925,3494228,83,2983,6662
2019-05-13T18,45,46,6,18,44,8342925,3494228,83,2983,6662
2019-05-14T03,42,45,5,3,42,8342925,3494228,83,2981,6662
2019-05-14T09,43,48,0,9,44,8342925,3494228,74,2983,6662
2019-05-14T15,47,49,0,15,46,8342925,3494228,77,2978,6662
2019-05-14T18,47,48,0,18,46,8342925,3494228,89,2981,6662
2019-05-15T03,43,45,0,3,43,8342925,3494228,83,2984,6662
2019-05-15T09,40,56,3,9,56,8342925,3494228,51,2987,6662
2019-05-15T18,47,63,3,18,62,8342925,3494228,60,2980,6662
2019-05-16T03,51,53,3,3,48,8342925,3494228,77,2983,6662
2019-05-16T09,47,64,5,9,63,8342925,3494228,49,2986,6662
2019-05-16T15,40,71,3,15,67,8342925,3494228,35,2981,6662
2019-05-16T18,37,70,3,18,58,8342925,3494228,44,2983,6662
2019-05-17T03,50,62,5,3,48,8342925,3494228,60,2980,6662
2019-05-17T09,53,71,7,9,69,8342925,3494228,43,2977,6662
2019-05-17T15,56,75,6,15,72,8342925,3494228,45,2970,6662
2019-05-17T18,56,75,3,18,65,8342925,3494228,47,2973,6662
2019-05-18T03,42,59,5,3,47,8342925,3494228,50,2987,6662
2019-05-18T09,45,65,0,9,62,8342925,3494228,43,3001,6662
2019-05-18T15,45,70,3,15,75,8342925,3494228,38,2997,6662
2019-05-18T18,44,64,0,18,67,8342925,3494228,46,3001,6662
2019-05-19T03,52,61,0,3,50,8342925,3494228,70,3006,6662
2019-05-19T09,57,70,6,9,74,8342925,3494228,59,3006,6662
2019-05-19T15,65,75,6,15,82,8342925,3494228,69,2993,6662
2019-05-20T03,65,67,3,3,63,8342925,3494228,84,2982,6662
2019-05-20T09,64,79,3,9,77,8342925,3494228,51,2980,6662
2019-05-20T18,59,81,3,18,75,8342925,3494228,41,2970,6662
2019-05-21T03,42,60,0,3,55,8342925,3494228,52,2984,6662
2019-05-21T09,37,60,7,9,59,8342925,3494228,41,2994,6662
2019-05-21T15,34,70,7,15,68,8342925,3494228,27,2991,6662
2019-05-21T18,30,68,8,18,60,8342925,3494228,27,2999,6662
2019-05-22T03,38,55,5,3,50,8342925,3494228,48,3014,6662
2019-05-22T09,37,67,5,9,65,8342925,3494228,30,3024,6662
2019-05-22T15,34,73,5,15,70,8342925,3494228,20,3020,6662
2019-05-22T18,40,69,3,18,64,8342925,3494228,31,3019,6662
2019-05-23T15,63,66,3,15,67,8342925,3494228,81,2998,6662
2019-05-23T18,62,66,5,18,67,8342925,3494228,79,2988,6662
2019-05-24T03,59,68,7,3,61,8342925,3494228,61,2979,6662
2019-05-24T18,48,68,8,18,61,8342925,3494228,47,3006,6662
2019-05-25T03,49,57,3,3,45,8342925,3494228,72,3016,6662
2019-05-25T09,50,66,5,9,65,8342925,3494228,54,3024,6662
2019-05-25T15,44,65,9,15,70,8342925,3494228,42,3013,6662
2019-05-25T18,46,62,7,18,64,8342925,3494228,54,3010,6662
2019-05-26T03,56,62,7,3,57,8342925,3494228,75,2993,6234
2019-05-26T09,62,77,8,9,76,8342925,3494228,54,2993,6234
2019-05-26T15,57,84,7,15,80,8342925,3494228,32,2983,6234
2019-05-26T18,68,70,3,18,65,8342925,3494228,76,2986,6234
2019-05-27T03,50,66,6,3,54,8342925,3494228,55,2988,6234
2019-05-27T09,52,73,0,9,72,8342925,3494228,50,2993,6234
2019-05-27T15,48,78,7,15,77,8342925,3494228,33,2988,6234
2019-05-27T18,50,75,0,18,69,8342925,3494228,33,2988,6234
2019-05-28T03,48,67,10,3,55,8342925,3494228,63,2989,6234
2019-05-28T09,59,65,6,9,59,8342925,3494228,81,2988,6234
2019-05-28T15,61,69,3,15,59,8342925,3494228,73,2969,6234
2019-05-28T18,63,70,0,18,60,8342925,3494228,76,2966,6234
2019-05-29T03,63,69,3,3,53,8342925,3494228,93,2966,6234
2019-05-29T09,56,63,5,9,59,8342925,3494228,75,2976,6234
2019-05-29T15,54,63,5,15,61,8342925,3494228,68,2969,6234
2019-05-29T18,56,57,3,18,60,8342925,3494228,87,2970,6234
2019-05-30T03,55,57,3,3,57,8342925,3494228,90,2977,6234
2019-05-30T09,58,63,5,9,67,8342925,3494228,84,2981,6234
2019-05-30T15,59,63,6,15,66,8342925,3494228,81,2972,6234
2019-05-30T18,61,62,0,18,63,8342925,3494228,90,2969,6234
2019-05-31T03,62,63,3,3,61,8342925,3494228,90,2967,6234
2019-05-31T09,60,73,0,9,72,8342925,3494228,57,2977,6234
2019-05-31T15,55,78,3,15,78,8342925,3494228,38,2973,6234
2019-05-31T18,55,76,6,18,71,8342925,3494228,56,2975,6234
2019-06-01T03,59,64,0,3,53,8342925,3494228,76,2981,6234
2019-06-01T09,54,73,6,9,69,8342925,3494228,47,2985,6234
2019-06-01T15,55,73,3,15,79,8342925,3494228,43,2978,6234
2019-06-01T18,58,70,6,18,72,8342925,3494228,68,2978,6234
2019-06-02T03,62,66,5,3,58,8342925,3494228,84,2971,6234
2019-06-02T09,58,74,6,9,71,8342925,3494228,55,2974,6234
2019-06-02T15,58,78,7,15,75,8342925,3494228,49,2964,6234
2019-06-02T18,61,73,5,18,67,8342925,3494228,67,2965,6234
2019-06-03T03,48,59,5,3,46,8342925,3494228,60,2979,6234
2019-06-03T09,43,65,7,9,62,8342925,3494228,33,2989,6234
2019-06-03T15,31,68,8,15,65,8342925,3494228,22,2990,6234
2019-06-03T18,34,66,3,18,60,8342925,3494228,31,2997,6234
2019-06-04T03,38,55,3,3,39,8342925,3494228,48,3008,6234
2019-06-04T09,39,62,5,9,63,8342925,3494228,37,3013,6234
2019-06-04T18,42,68,6,18,64,8342925,3494228,29,3000,6234
2019-06-05T03,52,65,5,3,59,8342925,3494228,56,2993,6234
2019-06-05T15,64,77,5,15,79,8342925,3494228,60,2977,6234
2019-06-05T18,65,78,5,18,74,8342925,3494228,69,2973,6234
2019-06-06T03,68,70,6,3,67,8342925,3494228,87,2967,6234
2019-06-06T09,64,78,6,9,76,8342925,3494228,56,2970,6234
2019-06-06T15,61,80,3,15,76,8342925,3494228,46,2975,6234
2019-06-06T18,59,78,3,18,73,8342925,3494228,49,2978,6234
2019-06-07T03,61,66,0,3,55,8342925,3494228,84,2985,6234
2019-06-07T09,59,73,0,9,72,8342925,3494228,55,2993,6234
2019-06-07T15,60,77,3,15,76,8342925,3494228,48,2990,6234
2019-06-07T18,61,71,3,18,71,8342925,3494228,66,2994,6234
2019-06-08T03,61,64,0,3,53,8342925,3494228,87,3003,6234
2019-06-08T09,52,74,7,9,75,8342925,3494228,53,3014,6234
2019-06-08T18,45,71,3,18,71,8342925,3494228,33,3019,6234
2019-06-09T03,49,62,9,3,50,8342925,3494228,67,3024,6234
2019-06-09T09,54,72,7,9,73,8342925,3494228,63,3031,6234
2019-06-09T15,42,74,5,15,75,8342925,3494228,26,3028,6234
2019-06-09T18,41,70,9,18,67,8342925,3494228,28,3027,6234
2019-06-10T03,53,61,5,3,47,8342925,3494228,78,3017,6234
2019-06-10T09,58,63,10,9,65,8342925,3494228,84,3010,6234
2019-06-10T15,66,67,3,15,67,8342925,3494228,93,2995,6234
2019-06-10T18,67,68,3,18,66,8342925,3494228,93,2991,6234
2019-06-11T03,69,70,0,3,68,8342925,3494228,96,2978,4910
2019-06-11T09,52,67,11,9,65,8342925,3494228,63,2990,4910
2019-06-11T18,41,73,3,18,68,8342925,3494228,32,2999,4910
2019-06-12T03,44,60,0,3,44,8342925,3494228,54,3014,4910
2019-06-12T09,46,70,5,9,68,8342925,3494228,41,3019,4910
2019-06-12T15,48,69,8,15,72,8342925,3494228,38,3014,4910
2019-06-12T18,45,66,7,18,66,8342925,3494228,47,3012,4910
2019-06-13T03,53,63,6,3,55,8342925,3494228,73,2994,4910
2019-06-13T09,56,57,7,9,56,8342925,3494228,78,2983,4910
2019-06-13T15,55,63,5,15,64,8342925,3494228,70,2973,4910
2019-06-13T18,56,63,5,18,61,8342925,3494228,73,2975,4910
2019-06-14T03,58,60,3,3,53,8342925,3494228,90,2979,4910
2019-06-14T09,53,65,5,9,62,8342925,3494228,53,2986,4910
2019-06-14T15,50,71,3,15,71,8342925,3494228,34,2990,4910
2019-06-14T18,41,72,7,18,68,8342925,3494228,29,2995,4910
2019-06-15T03,45,61,0,3,48,8342925,3494228,50,3011,4910
2019-06-15T09,52,73,3,9,73,8342925,3494228,32,3010,4910
2019-06-15T15,49,78,7,15,76,8342925,3494228,24,2996,4910
2019-06-15T18,52,77,3,18,70,8342925,3494228,48,2997,4910
2019-06-16T03,61,65,5,3,62,8342925,3494228,73,2991,4910
2019-06-16T09,63,75,3,9,68,8342925,3494228,56,2986,4910
2019-06-16T15,65,80,7,15,70,8342925,3494228,53,2978,4910
2019-06-16T18,67,75,8,18,69,8342925,3494228,74,2980,4910
2019-06-17T03,65,70,3,3,64,8342925,3494228,81,2988,4910
2019-06-17T09,64,74,0,9,70,8342925,3494228,66,2996,4910
2019-06-17T15,65,74,0,15,73,8342925,3494228,64,2997,4910
2019-06-18T03,66,69,0,3,65,8342925,3494228,87,2993,4910
2019-06-18T09,70,73,0,9,68,8342925,3494228,87,2992,4910
2019-06-18T15,69,71,3,15,69,8342925,3494228,84,2985,4910
2019-06-18T18,69,70,3,18,67,8342925,3494228,93,2985,4910
2019-06-19T03,66,67,0,3,61,8342925,3494228,93,2985,4910
2019-06-19T09,66,68,3,9,69,8342925,3494228,84,2987,4910
2019-06-19T15,67,69,7,15,69,8342925,3494228,87,2979,4910
2019-06-19T18,67,68,3,18,68,8342925,3494228,97,2977,4910
2019-06-20T03,64,65,5,3,65,8342925,3494228,100,2967,4910
2019-06-20T09,67,69,0,9,70,8342925,3494228,100,2961,4910
2019-06-20T15,72,73,0,15,76,8342925,3494228,94,2948,4910
2019-06-20T18,70,72,3,18,73,8342925,3494228,87,2945,4910
2019-06-21T03,68,70,3,3,66,8342925,3494228,90,2943,4910
2019-06-21T09,64,66,5,9,65,8342925,3494228,84,2956,4910
2019-06-21T18,49,75,8,18,70,8342925,3494228,41,2973,4910
2019-06-22T03,51,63,3,3,59,8342925,3494228,63,2983,4910
2019-06-22T09,50,74,10,9,74,8342925,3494228,40,2987,4910
2019-06-22T15,47,79,9,15,78,8342925,3494228,32,2986,4910
2019-06-23T03,50,65,7,3,52,8342925,3494228,53,2999,4910
2019-06-23T09,50,77,5,9,77,8342925,3494228,39,2999,4910
2019-06-23T15,54,82,3,15,82,8342925,3494228,29,2988,4910
2019-06-23T18,52,80,7,18,76,8342925,3494228,31,2985,4910
2019-06-24T03,54,69,3,3,54,8342925,3494228,57,2986,4910
2019-06-24T09,53,80,0,9,76,8342925,3494228,32,2987,4910
2019-06-24T15,59,81,5,15,78,8342925,3494228,40,2983,4910
2019-06-24T18,59,78,5,18,74,8342925,3494228,58,2983,4910
2019-06-25T03,68,73,0,3,66,8342925,3494228,84,2981,4910
2019-06-25T09,72,73,0,9,73,8342925,3494228,94,2981,4910
2019-06-25T15,70,83,3,15,83,8342925,3494228,61,2979,4910
2019-06-25T18,70,80,0,18,79,8342925,3494228,67,2983,5479
2019-06-26T03,68,72,5,3,60,8342925,3494228,94,2996,5479
2019-06-26T09,60,80,5,9,78,8342925,3494228,47,3001,5479
2019-06-26T18,59,84,7,18,73,8342925,3494228,36,2998,5479
2019-06-27T03,63,73,0,3,59,8342925,3494228,74,3007,5479
2019-06-27T09,60,84,0,9,82,8342925,3494228,44,3012,5479
2019-06-27T15,56,86,3,15,84,8342925,3494228,30,3008,5479
2019-06-27T18,52,85,0,18,78,8342925,3494228,31,3009,5479
2019-06-28T03,56,75,3,3,60,8342925,3494228,57,3014,5479
2019-06-28T09,59,84,6,9,81,8342925,3494228,36,3017,5479
2019-06-28T15,63,86,0,15,87,8342925,3494228,32,3009,5479
2019-06-29T03,67,76,5,3,68,8342925,3494228,67,3002,5479
2019-06-29T09,69,83,3,9,79,8342925,3494228,53,3000,5479
2019-06-29T18,68,75,3,18,75,8342925,3494228,62,2988,5479
2019-06-30T03,66,72,3,3,68,8342925,3494228,71,2978,5479
2019-06-30T09,61,79,8,9,76,8342925,3494228,47,2973,5479
2019-06-30T15,54,78,8,15,78,8342925,3494228,35,2974,5479
2019-06-30T18,53,77,7,18,71,8342925,3494228,45,2979,5479
2019-07-01T03,54,66,3,3,60,8342925,3494228,63,2990,5479
2019-07-01T09,58,75,5,9,75,8342925,3494228,45,2993,5479
2019-07-01T18,54,81,7,18,77,8342925,3494228,34,2986,5479
2019-07-02T03,59,72,7,3,60,8342925,3494228,54,2986,5479
2019-07-02T09,59,83,5,9,74,8342925,3494228,43,2981,5479
2019-07-02T15,67,84,5,15,79,8342925,3494228,43,2975,5479
2019-07-02T18,66,84,0,18,77,8342925,3494228,48,2975,5479
2019-07-03T03,67,76,0,3,65,8342925,3494228,66,2978,5479
2019-07-03T09,68,81,3,9,79,8342925,3494228,58,2985,5479
2019-07-03T15,68,82,5,15,85,8342925,3494228,53,2985,5479
2019-07-03T18,68,82,0,18,80,8342925,3494228,53,2986,5479
2019-07-04T03,68,75,3,3,63,8342925,3494228,84,2998,5479
2019-07-04T09,67,84,3,9,84,8342925,3494228,55,3006,5479
2019-07-04T18,68,79,7,18,79,8342925,3494228,58,3007,5479
2019-07-05T03,68,73,0,3,60,8342925,3494228,84,3014,5479
2019-07-05T09,69,80,3,9,77,8342925,3494228,64,3015,5479
2019-07-05T15,72,80,5,15,85,8342925,3494228,63,3009,5479
2019-07-05T18,72,78,3,18,81,8342925,3494228,76,3007,5479
2019-07-06T03,73,77,5,3,71,8342925,3494228,82,2998,5479
2019-07-06T09,74,83,6,9,82,8342925,3494228,61,2993,5479
2019-07-06T15,71,83,5,15,79,8342925,3494228,53,2982,5479
2019-07-06T18,70,77,5,18,74,8342925,3494228,64,2982,5479
2019-07-07T18,62,76,3,18,76,8342925,3494228,52,2991,5479
2019-07-08T03,64,72,0,3,65,8342925,3494228,73,2993,5479
2019-07-08T09,63,71,3,9,66,8342925,3494228,66,3001,5479
2019-07-08T15,61,75,3,15,78,8342925,3494228,47,2995,5479
2019-07-08T18,57,75,3,18,73,8342925,3494228,50,2996,5479
2019-07-09T03,65,70,6,3,61,8342925,3494228,76,3000,5479
2019-07-09T09,62,81,5,9,78,8342925,3494228,44,3003,5479
2019-07-09T15,58,86,0,15,85,8342925,3494228,34,2998,5479
2019-07-09T18,57,84,0,18,75,8342925,3494228,36,3000,5479
2019-07-10T03,66,75,0,3,57,8342925,3494228,72,3002,5479
2019-07-10T09,65,83,6,9,79,8342925,3494228,49,3003,5479
2019-07-10T15,68,85,6,15,86,8342925,3494228,45,2997,5479
2019-07-10T18,66,84,3,18,82,8342925,3494228,51,2996,5479
2019-07-11T03,65,75,5,3,69,8342925,3494228,62,2996,5479
2019-07-11T09,64,83,3,9,82,8342925,3494228,45,2993,5479
2019-07-11T15,73,74,7,15,76,8342925,3494228,85,2983,5479
2019-07-11T18,73,74,3,18,72,8342925,3494228,88,2982,5479
2019-07-12T03,70,72,3,3,68,8342925,3494228,82,2969,5479
2019-07-12T15,62,85,5,15,84,8342925,3494228,46,2970,5479
2019-07-12T18,59,81,7,18,75,8342925,3494228,41,2978,5479
2019-07-13T03,62,71,3,3,65,8342925,3494228,71,2988,6018
2019-07-13T09,61,79,0,9,77,8342925,3494228,47,2994,6018
2019-07-13T15,65,84,8,15,85,8342925,3494228,38,2989,6018
2019-07-13T18,64,82,0,18,80,8342925,3494228,57,2988,6018
2019-07-14T03,63,76,3,3,65,8342925,3494228,52,2989,6018
2019-07-14T09,66,84,5,9,85,8342925,3494228,50,2991,6018
2019-07-14T15,57,87,10,15,86,8342925,3494228,33,2990,6018
2019-07-14T18,54,85,6,18,80,8342925,3494228,36,2993,6018
2019-07-15T03,57,70,0,3,55,8342925,3494228,57,3003,6018
2019-07-15T15,55,85,6,15,87,8342925,3494228,28,2999,6018
2019-07-15T18,56,83,3,18,78,8342925,3494228,37,2999,6018
2019-07-16T03,60,73,0,3,58,8342925,3494228,60,3005,6018
2019-07-16T09,61,83,8,9,81,8342925,3494228,37,3006,6018
2019-07-16T15,65,90,3,15,89,8342925,3494228,41,2998,6018
2019-07-16T18,67,85,0,18,83,8342925,3494228,53,2998,6018
2019-07-17T03,64,80,0,3,71,8342925,3494228,55,2995,6018
2019-07-17T09,75,88,5,9,84,8342925,3494228,56,2994,6018
2019-07-17T15,72,90,6,15,80,8342925,3494228,52,2983,6018
2019-07-17T18,70,91,3,18,74,8342925,3494228,59,2982,6018
2019-07-18T03,72,74,5,3,72,8342925,3494228,88,2988,6018
2019-07-18T09,74,75,6,9,74,8342925,3494228,88,2990,6018
2019-07-18T15,73,78,6,15,74,8342925,3494228,85,2986,6018
2019-07-18T18,68,73,6,18,72,8342925,3494228,84,2988,6018
2019-07-19T03,68,72,0,3,69,8342925,3494228,87,2990,6018
2019-07-19T09,72,79,0,9,80,8342925,3494228,67,2991,6018
2019-07-19T15,76,89,3,15,91,8342925,3494228,57,2982,6018
2019-07-19T18,75,89,8,18,86,8342925,3494228,52,2982,6018
2019-07-20T03,74,83,3,3,72,8342925,3494228,63,2983,6018
2019-07-20T09,74,89,5,9,87,8342925,3494228,54,2985,6018
2019-07-20T15,72,93,6,15,92,8342925,3494228,38,2976,6018
2019-07-20T18,71,92,3,18,86,8342925,3494228,43,2979,6018
2019-07-21T03,73,83,5,3,73,8342925,3494228,63,2976,6018
2019-07-21T18,72,91,0,18,78,8342925,3494228,61,2976,6018
2019-07-22T03,67,80,0,3,70,8342925,3494228,65,2983,6018
2019-07-22T15,79,82,3,15,66,8342925,3494228,63,2969,6018
2019-07-22T18,72,73,3,18,65,8342925,3494228,91,2973,6018
2019-07-23T03,68,70,5,3,64,8342925,3494228,90,2971,6018
2019-07-23T09,63,70,6,9,70,8342925,3494228,76,2982,6018
2019-07-23T15,64,73,7,15,75,8342925,3494228,71,2988,6018
2019-07-23T18,66,70,5,18,69,8342925,3494228,79,2990,6018
2019-07-24T03,65,67,3,3,60,8342925,3494228,84,2989,6018
2019-07-24T09,63,75,7,9,75,8342925,3494228,62,2993,6018
2019-07-24T15,57,81,5,15,80,8342925,3494228,38,2992,6018
2019-07-24T18,54,77,5,18,72,8342925,3494228,33,2996,6018
2019-07-25T03,61,71,0,3,57,8342925,3494228,69,3003,6018
2019-07-25T09,58,78,3,9,76,8342925,3494228,49,3010,6018
2019-07-25T15,57,82,6,15,82,8342925,3494228,31,3009,6018
2019-07-25T18,61,78,0,18,73,8342925,3494228,39,3013,6018
2019-07-26T03,61,70,3,3,59,8342925,3494228,82,3019,6018
2019-07-26T09,57,81,0,9,79,8342925,3494228,46,3026,6018
2019-07-26T15,63,83,0,15,84,8342925,3494228,36,3022,6018
2019-07-26T18,57,80,0,18,74,8342925,3494228,40,3023,6018
2019-07-27T03,61,73,0,3,63,8342925,3494228,64,3024,6018
2019-07-27T09,64,80,6,9,80,8342925,3494228,40,3026,6018
2019-07-27T15,64,81,0,15,85,8342925,3494228,49,3017,6018
2019-07-27T18,61,78,7,18,78,8342925,3494228,60,3016,6018
2019-07-28T03,65,74,6,3,63,8342925,3494228,67,3013,6018
2019-07-28T09,67,81,7,9,82,8342925,3494228,51,3010,6018
2019-07-28T18,63,86,5,18,80,8342925,3494228,38,3000,6018
2019-07-29T03,63,74,0,3,65,8342925,3494228,58,3000,4879
2019-07-29T09,68,84,5,9,82,8342925,3494228,53,3000,4879
2019-07-29T15,69,87,6,15,88,8342925,3494228,47,2993,4879
2019-07-29T18,65,86,5,18,81,8342925,3494228,47,2994,4879
2019-07-30T03,69,80,3,3,67,8342925,3494228,63,2996,4879
2019-07-30T09,70,87,3,9,85,8342925,3494228,50,2999,4879
2019-07-30T15,71,86,6,15,87,8342925,3494228,47,2994,4879
2019-07-30T18,69,84,3,18,80,8342925,3494228,59,2995,4879
2019-07-31T03,65,77,0,3,67,8342925,3494228,65,2998,4879
2019-07-31T09,69,84,3,9,78,8342925,3494228,55,3002,4879
2019-07-31T15,69,71,0,15,75,8342925,3494228,81,3003,4879
2019-07-31T18,69,72,0,18,71,8342925,3494228,76,3001,4879
2019-08-01T03,69,71,0,3,65,8342925,3494228,82,3003,4879
2019-08-01T09,62,78,3,9,77,8342925,3494228,51,3009,4879
2019-08-01T15,64,83,0,15,83,8342925,3494228,34,3004,4879
2019-08-01T18,57,80,5,18,77,8342925,3494228,34,3005,4879
2019-08-02T03,65,74,0,3,61,8342925,3494228,74,3009,4879
2019-08-02T09,63,79,3,9,77,8342925,3494228,62,3014,4879
2019-08-02T15,60,82,3,15,82,8342925,3494228,39,3008,4879
2019-08-02T18,59,79,3,18,76,8342925,3494228,52,3008,4879
2019-08-03T03,69,74,3,3,65,8342925,3494228,79,3005,4879
2019-08-03T09,66,80,3,9,79,8342925,3494228,53,3003,4879
2019-08-03T15,68,81,3,15,85,8342925,3494228,50,2993,4879
2019-08-03T18,67,79,3,18,71,8342925,3494228,61,2992,4879
2019-08-04T03,69,71,3,3,63,8342925,3494228,87,2989,4879
2019-08-04T09,62,79,7,9,77,8342925,3494228,57,2992,4879
2019-08-04T15,63,83,0,15,79,8342925,3494228,39,2986,4879
2019-08-04T18,64,79,3,18,72,8342925,3494228,51,2988,4879
2019-08-05T03,56,71,0,3,60,8342925,3494228,50,2995,4879
2019-08-05T09,57,75,7,9,74,8342925,3494228,52,3001,4879
2019-08-05T15,62,79,3,15,81,8342925,3494228,42,2994,4879
2019-08-06T03,69,73,0,3,59,8342925,3494228,87,2991,4879
2019-08-06T09,70,77,6,9,76,8342925,3494228,82,2990,4879
2019-08-06T15,69,78,5,15,77,8342925,3494228,60,2983,4879
2019-08-06T18,66,76,3,18,70,8342925,3494228,65,2983,4879
2019-08-07T03,70,75,0,3,66,8342925,3494228,79,2982,4879
2019-08-07T09,70,80,7,9,78,8342925,3494228,63,2983,4879
2019-08-07T15,72,74,6,15,76,8342925,3494228,82,2972,4879
2019-08-07T18,69,70,3,18,69,8342925,3494228,87,2980,4879
2019-08-08T03,66,68,3,3,66,8342925,3494228,81,2973,4879
2019-08-08T09,67,76,5,9,76,8342925,3494228,65,2973,4879
2019-08-08T15,64,83,7,15,81,8342925,3494228,42,2966,4879
2019-08-08T18,58,79,9,18,67,8342925,3494228,43,2973,4879
2019-08-09T03,64,69,5,3,61,8342925,3494228,71,2972,4879
2019-08-09T09,57,78,3,9,76,8342925,3494228,45,2976,4879
2019-08-09T15,67,72,0,15,79,8342925,3494228,54,2971,4879
2019-08-09T18,55,79,3,18,68,8342925,3494228,38,2974,4879
2019-08-10T03,55,67,3,3,57,8342925,3494228,57,2981,4879
2019-08-10T09,55,75,9,9,72,8342925,3494228,42,2983,4879
2019-08-10T15,52,78,7,15,75,8342925,3494228,31,2980,4879
2019-08-10T18,51,76,8,18,68,8342925,3494228,39,2985,4879
2019-08-11T03,51,66,0,3,54,8342925,3494228,53,2995,4879
2019-08-11T09,53,73,3,9,73,8342925,3494228,42,3002,4879
2019-08-11T15,55,78,5,15,79,8342925,3494228,34,2997,4879
2019-08-11T18,51,77,0,18,70,8342925,3494228,41,2997,4879
2019-08-12T03,57,68,0,3,53,8342925,3494228,53,2999,4879
2019-08-12T15,57,84,3,15,81,8342925,3494228,34,2988,4879
2019-08-12T18,57,81,0,18,74,8342925,3494228,51,2987,4879
2019-08-13T03,69,71,3,3,68,8342925,3494228,74,2981,4879
2019-08-13T09,69,75,5,9,72,8342925,3494228,67,2982,4879
2019-08-13T15,69,77,5,15,76,8342925,3494228,62,2977,4879
2019-08-14T03,70,75,0,3,68,8342925,3494228,88,2976,5410
2019-08-14T09,68,77,3,9,73,8342925,3494228,71,2983,5410
2019-08-14T15,68,77,3,15,78,8342925,3494228,67,2985,5410
2019-08-14T18,67,76,5,18,71,8342925,3494228,72,2986,5410
2019-08-15T03,67,73,5,3,62,8342925,3494228,79,2994,5410
2019-08-15T09,63,78,8,9,74,8342925,3494228,66,3001,5410
2019-08-15T15,63,78,5,15,79,8342925,3494228,41,2997,5410
2019-08-15T18,65,72,5,18,74,8342925,3494228,66,2999,5410
2019-08-16T03,65,70,6,3,59,8342925,3494228,84,3001,5410
2019-08-16T09,65,77,3,9,73,8342925,3494228,69,3003,5410
2019-08-16T15,67,78,0,15,80,8342925,3494228,64,3000,5410
2019-08-16T18,67,76,6,18,74,8342925,3494228,62,2999,5410
2019-08-17T03,70,74,0,3,70,8342925,3494228,87,3000,5410
2019-08-17T09,71,79,6,9,78,8342925,3494228,79,3003,5410
2019-08-17T15,72,83,5,15,85,8342925,3494228,70,2994,5410
2019-08-17T18,71,78,5,18,77,8342925,3494228,71,2996,5410
2019-08-18T03,73,76,0,3,68,8342925,3494228,90,2998,5410
2019-08-18T09,75,84,0,9,74,8342925,3494228,74,3001,5410
2019-08-18T15,73,85,2237,15,88,8342925,3494228,63,2997,5410
2019-08-18T18,74,76,7,18,68,8342925,3494228,77,2997,5410
2019-08-19T03,67,72,0,3,65,8342925,3494228,74,2997,5410
2019-08-19T09,73,82,0,9,79,8342925,3494228,65,2998,5410
2019-08-19T15,74,86,0,15,86,8342925,3494228,43,2990,5410
2019-08-19T18,69,80,6,18,75,8342925,3494228,65,2996,5410
2019-08-20T03,68,76,0,3,64,8342925,3494228,71,3003,5410
2019-08-20T09,64,82,5,9,80,8342925,3494228,51,3010,5410
2019-08-20T15,64,84,5,15,85,8342925,3494228,42,3004,5410
2019-08-20T18,64,80,0,18,75,8342925,3494228,51,3002,5410
2019-08-21T03,73,76,0,3,68,8342925,3494228,82,2996,5410
2019-08-21T09,69,83,5,9,77,8342925,3494228,51,2993,5410
2019-08-21T15,70,85,3,15,76,8342925,3494228,47,2983,5410
2019-08-21T18,73,76,0,18,74,8342925,3494228,71,2985,5410
2019-08-22T03,70,76,7,3,67,8342925,3494228,74,2981,5410
2019-08-22T09,68,83,5,9,81,8342925,3494228,57,2987,5410
2019-08-22T15,65,88,3,15,78,8342925,3494228,37,2982,5410
2019-08-22T18,69,80,3,18,73,8342925,3494228,59,2984,5410
